Date,Location ISO Code,Location,New Cases,New Deaths,New Recovered,New Active Cases,Total Cases,Total Deaths,Total Recovered,Total Active Cases,Location Level,Province,Island,Total Regencies,Total Cities,Total Districts,Total Urban Villages,Total Rural Villages,Area (km2),Population,Population Density,Longitude,Latitude,New Cases per Million,Total Cases per Million,New Deaths per Million,Total Deaths per Million,Case Fatality Rate,Case Recovered Rate,Growth Factor of New Cases,Growth Factor of New Deaths
2020-03-02,IDN,Indonesia,2,0,0,2,2,0,0,2,Country,,,416,98.0,7230,8488.0,74953.0,1916907,265185520,138.34,113.921327,-0.789275,0.01,0.01,0.0,0.0,0.0,0.0,0.0,0.0
2020-03-03,IDN,Indonesia,0,0,0,0,2,0,0,2,Country,,,416,98.0,7230,8488.0,74953.0,1916907,265185520,138.34,113.921327,-0.789275,0.0,0.01,0.0,0.0,0.0,0.0,0.0,1.0
2020-03-04,IDN,Indonesia,0,0,0,0,2,0,0,2,Country,,,416,98.0,7230,8488.0,74953.0,1916907,265185520,138.34,113.921327,-0.789275,0.0,0.01,0.0,0.0,0.0,0.0,1.0,1.0
2020-03-05,IDN,Indonesia,0,0,0,0,2,0,0,2,Country,,,416,98.0,7230,8488.0,74953.0,1916907,265185520,138.34,113.921327,-0.789275,0.0,0.01,0.0,0.0,0.0,0.0,1.0,1.0
2020-03-06,IDN,Indonesia,2,0,0,2,4,0,0,4,Country,,,416,98.0,7230,8488.0,74953.0,1916907,265185520,138.34,113.921327,-0.789275,0.01,0.02,0.0,0.0,0.0,0.0,0.0,1.0
2020-03-07,IDN,Indonesia,0,0,0,0,4,0,0,4,Country,,,416,98.0,7230,8488.0,74953.0,1916907,265185520,138.34,113.921327,-0.789275,0.0,0.02,0.0,0.0,0.0,0.0,0.0,1.0
2020-03-08,IDN,Indonesia,2,0,0,2,6,0,0,6,Country,,,416,98.0,7230,8488.0,74953.0,1916907,265185520,138.34,113.921327,-0.789275,0.01,0.02,0.0,0.0,0.0,0.0,0.0,1.0
2020-03-09,IDN,Indonesia,13,0,0,13,19,0,0,19,Country,,,416,98.0,7230,8488.0,74953.0,1916907,265185520,138.34,113.921327,-0.789275,0.05,0.07,0.0,0.0,0.0,0.0,6.5,1.0
2020-03-10,IDN,Indonesia,8,0,2,6,27,0,2,25,Country,,,416,98.0,7230,8488.0,74953.0,1916907,265185520,138.34,113.921327,-0.789275,0.03,0.1,0.0,0.0,0.0,7.41,0.62,1.0
2020-03-11,IDN,Indonesia,7,1,0,6,34,1,2,31,Country,,,416,98.0,7230,8488.0,74953.0,1916907,265185520,138.34,113.921327,-0.789275,0.03,0.13,0.0,0.0,2.94,5.88,0.88,0.0
2020-03-12,IDN,Indonesia,0,0,0,0,34,1,2,31,Country,,,416,98.0,7230,8488.0,74953.0,1916907,265185520,138.34,113.921327,-0.789275,0.0,0.13,0.0,0.0,2.94,5.88,0.0,0.0
2020-03-13,IDN,Indonesia,35,3,0,32,69,4,2,63,Country,,,416,98.0,7230,8488.0,74953.0,1916907,265185520,138.34,113.921327,-0.789275,0.13,0.26,0.01,0.02,5.8,2.9,0.0,0.0
2020-03-14,IDN,Indonesia,27,1,6,20,96,5,8,83,Country,,,416,98.0,7230,8488.0,74953.0,1916907,265185520,138.34,113.921327,-0.789275,0.1,0.36,0.0,0.02,5.21,8.33,0.77,0.33
2020-03-15,IDN,Indonesia,21,0,0,21,117,5,8,104,Country,,,416,98.0,7230,8488.0,74953.0,1916907,265185520,138.34,113.921327,-0.789275,0.08,0.44,0.0,0.02,4.27,6.84,0.78,0.0
2020-03-16,IDN,Indonesia,17,0,0,17,134,5,8,121,Country,,,416,98.0,7230,8488.0,74953.0,1916907,265185520,138.34,113.921327,-0.789275,0.06,0.51,0.0,0.02,3.73,5.97,0.81,1.0
2020-03-17,IDN,Indonesia,38,0,1,37,172,5,9,158,Country,,,416,98.0,7230,8488.0,74953.0,1916907,265185520,138.34,113.921327,-0.789275,0.14,0.65,0.0,0.02,2.91,5.23,2.24,1.0
2020-03-18,IDN,Indonesia,55,14,2,39,227,19,11,197,Country,,,416,98.0,7230,8488.0,74953.0,1916907,265185520,138.34,113.921327,-0.789275,0.21,0.86,0.05,0.07,8.37,4.85,1.45,0.0
2020-03-19,IDN,Indonesia,82,6,4,72,309,25,15,269,Country,,,416,98.0,7230,8488.0,74953.0,1916907,265185520,138.34,113.921327,-0.789275,0.31,1.17,0.02,0.09,8.09,4.85,1.49,0.43
2020-03-20,IDN,Indonesia,60,7,2,51,369,32,17,320,Country,,,416,98.0,7230,8488.0,74953.0,1916907,265185520,138.34,113.921327,-0.789275,0.23,1.39,0.03,0.12,8.67,4.61,0.73,1.17
2020-03-21,IDN,Indonesia,81,6,3,72,450,38,20,392,Country,,,416,98.0,7230,8488.0,74953.0,1916907,265185520,138.34,113.921327,-0.789275,0.31,1.7,0.02,0.14,8.44,4.44,1.35,0.86
2020-03-22,IDN,Indonesia,64,10,9,45,514,48,29,437,Country,,,416,98.0,7230,8488.0,74953.0,1916907,265185520,138.34,113.921327,-0.789275,0.24,1.94,0.04,0.18,9.34,5.64,0.79,1.67
2020-03-23,IDN,Indonesia,65,1,1,63,579,49,30,500,Country,,,416,98.0,7230,8488.0,74953.0,1916907,265185520,138.34,113.921327,-0.789275,0.25,2.18,0.0,0.18,8.46,5.18,1.02,0.1
2020-03-24,IDN,Indonesia,106,6,0,100,685,55,30,600,Country,,,416,98.0,7230,8488.0,74953.0,1916907,265185520,138.34,113.921327,-0.789275,0.4,2.58,0.02,0.21,8.03,4.38,1.63,6.0
2020-03-25,IDN,Indonesia,105,3,1,101,790,58,31,701,Country,,,416,98.0,7230,8488.0,74953.0,1916907,265185520,138.34,113.921327,-0.789275,0.4,2.98,0.01,0.22,7.34,3.92,0.99,0.5
2020-03-26,IDN,Indonesia,103,20,4,79,893,78,35,780,Country,,,416,98.0,7230,8488.0,74953.0,1916907,265185520,138.34,113.921327,-0.789275,0.39,3.37,0.08,0.29,8.73,3.92,0.98,6.67
2020-03-27,IDN,Indonesia,153,9,11,133,1046,87,46,913,Country,,,416,98.0,7230,8488.0,74953.0,1916907,265185520,138.34,113.921327,-0.789275,0.58,3.94,0.03,0.33,8.32,4.4,1.49,0.45
2020-03-28,IDN,Indonesia,109,15,13,81,1155,102,59,994,Country,,,416,98.0,7230,8488.0,74953.0,1916907,265185520,138.34,113.921327,-0.789275,0.41,4.36,0.06,0.38,8.83,5.11,0.71,1.67
2020-03-29,IDN,Indonesia,130,12,5,113,1285,114,64,1107,Country,,,416,98.0,7230,8488.0,74953.0,1916907,265185520,138.34,113.921327,-0.789275,0.49,4.85,0.05,0.43,8.87,4.98,1.19,0.8
2020-03-30,IDN,Indonesia,129,8,11,110,1414,122,75,1217,Country,,,416,98.0,7230,8488.0,74953.0,1916907,265185520,138.34,113.921327,-0.789275,0.49,5.33,0.03,0.46,8.63,5.3,0.99,0.67
2020-03-31,IDN,Indonesia,114,14,6,94,1528,136,81,1311,Country,,,416,98.0,7230,8488.0,74953.0,1916907,265185520,138.34,113.921327,-0.789275,0.43,5.76,0.05,0.51,8.9,5.3,0.88,1.75
2020-04-01,IDN,Indonesia,149,21,22,106,1677,157,103,1417,Country,,,416,98.0,7230,8488.0,74953.0,1916907,265185520,138.34,113.921327,-0.789275,0.56,6.32,0.08,0.59,9.36,6.14,1.31,1.5
2020-04-02,IDN,Indonesia,113,13,9,91,1790,170,112,1508,Country,,,416,98.0,7230,8488.0,74953.0,1916907,265185520,138.34,113.921327,-0.789275,0.43,6.75,0.05,0.64,9.5,6.26,0.76,0.62
2020-04-03,IDN,Indonesia,196,11,22,163,1986,181,134,1671,Country,,,416,98.0,7230,8488.0,74953.0,1916907,265185520,138.34,113.921327,-0.789275,0.74,7.49,0.04,0.68,9.11,6.75,1.73,0.85
2020-04-04,IDN,Indonesia,106,10,16,80,2092,191,150,1751,Country,,,416,98.0,7230,8488.0,74953.0,1916907,265185520,138.34,113.921327,-0.789275,0.4,7.89,0.04,0.72,9.13,7.17,0.54,0.91
2020-04-05,IDN,Indonesia,181,7,14,160,2273,198,164,1911,Country,,,416,98.0,7230,8488.0,74953.0,1916907,265185520,138.34,113.921327,-0.789275,0.68,8.57,0.03,0.75,8.71,7.22,1.71,0.7
2020-04-06,IDN,Indonesia,218,11,28,179,2491,209,192,2090,Country,,,416,98.0,7230,8488.0,74953.0,1916907,265185520,138.34,113.921327,-0.789275,0.82,9.39,0.04,0.79,8.39,7.71,1.2,1.57
2020-04-07,IDN,Indonesia,247,12,12,223,2738,221,204,2313,Country,,,416,98.0,7230,8488.0,74953.0,1916907,265185520,138.34,113.921327,-0.789275,0.93,10.32,0.05,0.83,8.07,7.45,1.13,1.09
2020-04-08,IDN,Indonesia,218,19,18,181,2956,240,222,2494,Country,,,416,98.0,7230,8488.0,74953.0,1916907,265185520,138.34,113.921327,-0.789275,0.82,11.15,0.07,0.91,8.12,7.51,0.88,1.58
2020-04-09,IDN,Indonesia,337,40,30,267,3293,280,252,2761,Country,,,416,98.0,7230,8488.0,74953.0,1916907,265185520,138.34,113.921327,-0.789275,1.27,12.42,0.15,1.06,8.5,7.65,1.55,2.11
2020-04-10,IDN,Indonesia,219,26,30,163,3512,306,282,2924,Country,,,416,98.0,7230,8488.0,74953.0,1916907,265185520,138.34,113.921327,-0.789275,0.83,13.24,0.1,1.15,8.71,8.03,0.65,0.65
2020-04-11,IDN,Indonesia,330,21,4,305,3842,327,286,3229,Country,,,416,98.0,7230,8488.0,74953.0,1916907,265185520,138.34,113.921327,-0.789275,1.24,14.49,0.08,1.23,8.51,7.44,1.51,0.81
2020-04-12,IDN,Indonesia,399,46,73,280,4241,373,359,3509,Country,,,416,98.0,7230,8488.0,74953.0,1916907,265185520,138.34,113.921327,-0.789275,1.5,15.99,0.17,1.41,8.8,8.46,1.21,2.19
2020-04-13,IDN,Indonesia,316,26,21,269,4557,399,380,3778,Country,,,416,98.0,7230,8488.0,74953.0,1916907,265185520,138.34,113.921327,-0.789275,1.19,17.18,0.1,1.5,8.76,8.34,0.79,0.57
2020-04-14,IDN,Indonesia,282,60,46,176,4839,459,426,3954,Country,,,416,98.0,7230,8488.0,74953.0,1916907,265185520,138.34,113.921327,-0.789275,1.06,18.25,0.23,1.73,9.49,8.8,0.89,2.31
2020-04-15,IDN,Indonesia,297,10,20,267,5136,469,446,4221,Country,,,416,98.0,7230,8488.0,74953.0,1916907,265185520,138.34,113.921327,-0.789275,1.12,19.37,0.04,1.77,9.13,8.68,1.05,0.17
2020-04-16,IDN,Indonesia,380,27,102,251,5516,496,548,4472,Country,,,416,98.0,7230,8488.0,74953.0,1916907,265185520,138.34,113.921327,-0.789275,1.43,20.8,0.1,1.87,8.99,9.93,1.28,2.7
2020-04-17,IDN,Indonesia,407,24,59,324,5923,520,607,4796,Country,,,416,98.0,7230,8488.0,74953.0,1916907,265185520,138.34,113.921327,-0.789275,1.53,22.34,0.09,1.96,8.78,10.25,1.07,0.89
2020-04-18,IDN,Indonesia,325,15,24,286,6248,535,631,5082,Country,,,416,98.0,7230,8488.0,74953.0,1916907,265185520,138.34,113.921327,-0.789275,1.23,23.56,0.06,2.02,8.56,10.1,0.8,0.63
2020-04-19,IDN,Indonesia,327,47,55,225,6575,582,686,5307,Country,,,416,98.0,7230,8488.0,74953.0,1916907,265185520,138.34,113.921327,-0.789275,1.23,24.79,0.18,2.19,8.85,10.43,1.01,3.13
2020-04-20,IDN,Indonesia,185,8,61,116,6760,590,747,5423,Country,,,416,98.0,7230,8488.0,74953.0,1916907,265185520,138.34,113.921327,-0.789275,0.7,25.49,0.03,2.22,8.73,11.05,0.57,0.17
2020-04-21,IDN,Indonesia,375,26,95,254,7135,616,842,5677,Country,,,416,98.0,7230,8488.0,74953.0,1916907,265185520,138.34,113.921327,-0.789275,1.41,26.91,0.1,2.32,8.63,11.8,2.03,3.25
2020-04-22,IDN,Indonesia,283,19,71,193,7418,635,913,5870,Country,,,416,98.0,7230,8488.0,74953.0,1916907,265185520,138.34,113.921327,-0.789275,1.07,27.97,0.07,2.39,8.56,12.31,0.75,0.73
2020-04-23,IDN,Indonesia,357,12,47,298,7775,647,960,6168,Country,,,416,98.0,7230,8488.0,74953.0,1916907,265185520,138.34,113.921327,-0.789275,1.35,29.32,0.05,2.44,8.32,12.35,1.26,0.63
2020-04-24,IDN,Indonesia,436,42,42,352,8211,689,1002,6520,Country,,,416,98.0,7230,8488.0,74953.0,1916907,265185520,138.34,113.921327,-0.789275,1.64,30.96,0.16,2.6,8.39,12.2,1.22,3.5
2020-04-25,IDN,Indonesia,396,31,40,325,8607,720,1042,6845,Country,,,416,98.0,7230,8488.0,74953.0,1916907,265185520,138.34,113.921327,-0.789275,1.49,32.46,0.12,2.72,8.37,12.11,0.91,0.74
2020-04-26,IDN,Indonesia,275,23,65,187,8882,743,1107,7032,Country,,,416,98.0,7230,8488.0,74953.0,1916907,265185520,138.34,113.921327,-0.789275,1.04,33.49,0.09,2.8,8.37,12.46,0.69,0.74
2020-04-27,IDN,Indonesia,214,22,44,148,9096,765,1151,7180,Country,,,416,98.0,7230,8488.0,74953.0,1916907,265185520,138.34,113.921327,-0.789275,0.81,34.3,0.08,2.88,8.41,12.65,0.78,0.96
2020-04-28,IDN,Indonesia,415,8,103,304,9511,773,1254,7484,Country,,,416,98.0,7230,8488.0,74953.0,1916907,265185520,138.34,113.921327,-0.789275,1.56,35.87,0.03,2.91,8.13,13.18,1.94,0.36
2020-04-29,IDN,Indonesia,260,11,137,112,9771,784,1391,7596,Country,,,416,98.0,7230,8488.0,74953.0,1916907,265185520,138.34,113.921327,-0.789275,0.98,36.85,0.04,2.96,8.02,14.24,0.63,1.38
2020-04-30,IDN,Indonesia,347,8,131,208,10118,792,1522,7804,Country,,,416,98.0,7230,8488.0,74953.0,1916907,265185520,138.34,113.921327,-0.789275,1.31,38.15,0.03,2.99,7.83,15.04,1.33,0.73
2020-05-01,IDN,Indonesia,433,8,69,356,10551,800,1591,8160,Country,,,416,98.0,7230,8488.0,74953.0,1916907,265185520,138.34,113.921327,-0.789275,1.63,39.79,0.03,3.02,7.58,15.08,1.25,1.0
2020-05-02,IDN,Indonesia,292,31,74,187,10843,831,1665,8347,Country,,,416,98.0,7230,8488.0,74953.0,1916907,265185520,138.34,113.921327,-0.789275,1.1,40.89,0.12,3.13,7.66,15.36,0.67,3.88
2020-05-03,IDN,Indonesia,349,14,211,124,11192,845,1876,8471,Country,,,416,98.0,7230,8488.0,74953.0,1916907,265185520,138.34,113.921327,-0.789275,1.32,42.2,0.05,3.19,7.55,16.76,1.2,0.45
2020-05-04,IDN,Indonesia,395,19,78,298,11587,864,1954,8769,Country,,,416,98.0,7230,8488.0,74953.0,1916907,265185520,138.34,113.921327,-0.789275,1.49,43.69,0.07,3.26,7.46,16.86,1.13,1.36
2020-05-05,IDN,Indonesia,484,8,243,233,12071,872,2197,9002,Country,,,416,98.0,7230,8488.0,74953.0,1916907,265185520,138.34,113.921327,-0.789275,1.83,45.52,0.03,3.29,7.22,18.2,1.23,0.42
2020-05-06,IDN,Indonesia,367,23,120,224,12438,895,2317,9226,Country,,,416,98.0,7230,8488.0,74953.0,1916907,265185520,138.34,113.921327,-0.789275,1.38,46.9,0.09,3.37,7.2,18.63,0.76,2.88
2020-05-07,IDN,Indonesia,338,35,64,239,12776,930,2381,9465,Country,,,416,98.0,7230,8488.0,74953.0,1916907,265185520,138.34,113.921327,-0.789275,1.27,48.18,0.13,3.51,7.28,18.64,0.92,1.52
2020-05-08,IDN,Indonesia,336,13,113,210,13112,943,2494,9675,Country,,,416,98.0,7230,8488.0,74953.0,1916907,265185520,138.34,113.921327,-0.789275,1.27,49.44,0.05,3.56,7.19,19.02,0.99,0.37
2020-05-09,IDN,Indonesia,533,16,113,404,13645,959,2607,10079,Country,,,416,98.0,7230,8488.0,74953.0,1916907,265185520,138.34,113.921327,-0.789275,2.01,51.45,0.06,3.62,7.03,19.11,1.59,1.23
2020-05-10,IDN,Indonesia,387,14,91,282,14032,973,2698,10361,Country,,,416,98.0,7230,8488.0,74953.0,1916907,265185520,138.34,113.921327,-0.789275,1.46,52.91,0.05,3.67,6.93,19.23,0.73,0.88
2020-05-11,IDN,Indonesia,233,18,183,32,14265,991,2881,10393,Country,,,416,98.0,7230,8488.0,74953.0,1916907,265185520,138.34,113.921327,-0.789275,0.88,53.79,0.07,3.74,6.95,20.2,0.6,1.29
2020-05-12,IDN,Indonesia,484,16,182,286,14749,1007,3063,10679,Country,,,416,98.0,7230,8488.0,74953.0,1916907,265185520,138.34,113.921327,-0.789275,1.83,55.62,0.06,3.8,6.83,20.77,2.08,0.89
2020-05-13,IDN,Indonesia,689,21,224,444,15438,1028,3287,11123,Country,,,416,98.0,7230,8488.0,74953.0,1916907,265185520,138.34,113.921327,-0.789275,2.6,58.22,0.08,3.88,6.66,21.29,1.42,1.31
2020-05-14,IDN,Indonesia,568,15,231,322,16006,1043,3518,11445,Country,,,416,98.0,7230,8488.0,74953.0,1916907,265185520,138.34,113.921327,-0.789275,2.14,60.36,0.06,3.93,6.52,21.98,0.82,0.71
2020-05-15,IDN,Indonesia,490,33,285,172,16496,1076,3803,11617,Country,,,416,98.0,7230,8488.0,74953.0,1916907,265185520,138.34,113.921327,-0.789275,1.85,62.21,0.12,4.06,6.52,23.05,0.86,2.2
2020-05-16,IDN,Indonesia,529,13,108,408,17025,1089,3911,12025,Country,,,416,98.0,7230,8488.0,74953.0,1916907,265185520,138.34,113.921327,-0.789275,1.99,64.2,0.05,4.11,6.4,22.97,1.08,0.39
2020-05-17,IDN,Indonesia,489,59,218,212,17514,1148,4129,12237,Country,,,416,98.0,7230,8488.0,74953.0,1916907,265185520,138.34,113.921327,-0.789275,1.84,66.04,0.22,4.33,6.55,23.58,0.92,4.54
2020-05-18,IDN,Indonesia,496,43,195,258,18010,1191,4324,12495,Country,,,416,98.0,7230,8488.0,74953.0,1916907,265185520,138.34,113.921327,-0.789275,1.87,67.91,0.16,4.49,6.61,24.01,1.01,0.73
2020-05-19,IDN,Indonesia,486,30,143,313,18496,1221,4467,12808,Country,,,416,98.0,7230,8488.0,74953.0,1916907,265185520,138.34,113.921327,-0.789275,1.83,69.75,0.11,4.6,6.6,24.15,0.98,0.7
2020-05-20,IDN,Indonesia,693,21,108,564,19189,1242,4575,13372,Country,,,416,98.0,7230,8488.0,74953.0,1916907,265185520,138.34,113.921327,-0.789275,2.61,72.36,0.08,4.68,6.47,23.84,1.43,0.7
2020-05-21,IDN,Indonesia,973,36,263,674,20162,1278,4838,14046,Country,,,416,98.0,7230,8488.0,74953.0,1916907,265185520,138.34,113.921327,-0.789275,3.67,76.03,0.14,4.82,6.34,24.0,1.4,1.71
2020-05-22,IDN,Indonesia,634,48,219,367,20796,1326,5057,14413,Country,,,416,98.0,7230,8488.0,74953.0,1916907,265185520,138.34,113.921327,-0.789275,2.39,78.42,0.18,5.0,6.38,24.32,0.65,1.33
2020-05-23,IDN,Indonesia,949,25,192,732,21745,1351,5249,15145,Country,,,416,98.0,7230,8488.0,74953.0,1916907,265185520,138.34,113.921327,-0.789275,3.58,82.0,0.09,5.09,6.21,24.14,1.5,0.52
2020-05-24,IDN,Indonesia,526,21,153,352,22271,1372,5402,15497,Country,,,416,98.0,7230,8488.0,74953.0,1916907,265185520,138.34,113.921327,-0.789275,1.98,83.98,0.08,5.17,6.16,24.26,0.55,0.84
2020-05-25,IDN,Indonesia,479,19,240,220,22750,1391,5642,15717,Country,,,416,98.0,7230,8488.0,74953.0,1916907,265185520,138.34,113.921327,-0.789275,1.81,85.79,0.07,5.25,6.11,24.8,0.91,0.9
2020-05-26,IDN,Indonesia,415,27,235,153,23165,1418,5877,15870,Country,,,416,98.0,7230,8488.0,74953.0,1916907,265185520,138.34,113.921327,-0.789275,1.56,87.35,0.1,5.35,6.12,25.37,0.87,1.42
2020-05-27,IDN,Indonesia,686,55,180,451,23851,1473,6057,16321,Country,,,416,98.0,7230,8488.0,74953.0,1916907,265185520,138.34,113.921327,-0.789275,2.59,89.94,0.21,5.55,6.18,25.4,1.65,2.04
2020-05-28,IDN,Indonesia,687,23,183,481,24538,1496,6240,16802,Country,,,416,98.0,7230,8488.0,74953.0,1916907,265185520,138.34,113.921327,-0.789275,2.59,92.53,0.09,5.64,6.1,25.43,1.0,0.42
2020-05-29,IDN,Indonesia,678,24,252,402,25216,1520,6492,17204,Country,,,416,98.0,7230,8488.0,74953.0,1916907,265185520,138.34,113.921327,-0.789275,2.56,95.09,0.09,5.73,6.03,25.75,0.99,1.04
2020-05-30,IDN,Indonesia,557,53,523,-19,25773,1573,7015,17185,Country,,,416,98.0,7230,8488.0,74953.0,1916907,265185520,138.34,113.921327,-0.789275,2.1,97.19,0.2,5.93,6.1,27.22,0.82,2.21
2020-05-31,IDN,Indonesia,700,40,293,367,26473,1613,7308,17552,Country,,,416,98.0,7230,8488.0,74953.0,1916907,265185520,138.34,113.921327,-0.789275,2.64,99.83,0.15,6.08,6.09,27.61,1.26,0.75
2020-06-01,IDN,Indonesia,467,28,329,110,26940,1641,7637,17662,Country,,,416,98.0,7230,8488.0,74953.0,1916907,265185520,138.34,113.921327,-0.789275,1.76,101.59,0.11,6.19,6.09,28.35,0.67,0.7
2020-06-02,IDN,Indonesia,609,22,298,289,27549,1663,7935,17951,Country,,,416,98.0,7230,8488.0,74953.0,1916907,265185520,138.34,113.921327,-0.789275,2.3,103.89,0.08,6.27,6.04,28.8,1.3,0.79
2020-06-03,IDN,Indonesia,684,35,471,178,28233,1698,8406,18129,Country,,,416,98.0,7230,8488.0,74953.0,1916907,265185520,138.34,113.921327,-0.789275,2.58,106.47,0.13,6.4,6.01,29.77,1.12,1.59
2020-06-04,IDN,Indonesia,585,23,486,76,28818,1721,8892,18205,Country,,,416,98.0,7230,8488.0,74953.0,1916907,265185520,138.34,113.921327,-0.789275,2.21,108.67,0.09,6.49,5.97,30.86,0.86,0.66
2020-06-05,IDN,Indonesia,703,49,551,103,29521,1770,9443,18308,Country,,,416,98.0,7230,8488.0,74953.0,1916907,265185520,138.34,113.921327,-0.789275,2.65,111.32,0.18,6.67,6.0,31.99,1.2,2.13
2020-06-06,IDN,Indonesia,993,31,464,498,30514,1801,9907,18806,Country,,,416,98.0,7230,8488.0,74953.0,1916907,265185520,138.34,113.921327,-0.789275,3.74,115.07,0.12,6.79,5.9,32.47,1.41,0.63
2020-06-07,IDN,Indonesia,672,50,591,31,31186,1851,10498,18837,Country,,,416,98.0,7230,8488.0,74953.0,1916907,265185520,138.34,113.921327,-0.789275,2.53,117.6,0.19,6.98,5.94,33.66,0.68,1.61
2020-06-08,IDN,Indonesia,847,32,406,409,32033,1883,10904,19246,Country,,,416,98.0,7230,8488.0,74953.0,1916907,265185520,138.34,113.921327,-0.789275,3.19,120.79,0.12,7.1,5.88,34.04,1.26,0.64
2020-06-09,IDN,Indonesia,1042,40,510,492,33075,1923,11414,19738,Country,,,416,98.0,7230,8488.0,74953.0,1916907,265185520,138.34,113.921327,-0.789275,3.93,124.72,0.15,7.25,5.81,34.51,1.23,1.25
2020-06-10,IDN,Indonesia,1241,36,715,490,34316,1959,12129,20228,Country,,,416,98.0,7230,8488.0,74953.0,1916907,265185520,138.34,113.921327,-0.789275,4.68,129.4,0.14,7.39,5.71,35.35,1.19,0.9
2020-06-11,IDN,Indonesia,979,41,507,431,35295,2000,12636,20659,Country,,,416,98.0,7230,8488.0,74953.0,1916907,265185520,138.34,113.921327,-0.789275,3.69,133.1,0.15,7.54,5.67,35.8,0.79,1.14
2020-06-12,IDN,Indonesia,1111,48,577,486,36406,2048,13213,21145,Country,,,416,98.0,7230,8488.0,74953.0,1916907,265185520,138.34,113.921327,-0.789275,4.19,137.29,0.18,7.72,5.63,36.29,1.13,1.17
2020-06-13,IDN,Indonesia,1014,43,563,408,37420,2091,13776,21553,Country,,,416,98.0,7230,8488.0,74953.0,1916907,265185520,138.34,113.921327,-0.789275,3.82,141.11,0.16,7.89,5.59,36.81,0.91,0.9
2020-06-14,IDN,Indonesia,857,43,755,59,38277,2134,14531,21612,Country,,,416,98.0,7230,8488.0,74953.0,1916907,265185520,138.34,113.921327,-0.789275,3.23,144.34,0.16,8.05,5.58,37.96,0.85,1.0
2020-06-15,IDN,Indonesia,1017,64,592,361,39294,2198,15123,21973,Country,,,416,98.0,7230,8488.0,74953.0,1916907,265185520,138.34,113.921327,-0.789275,3.84,148.18,0.24,8.29,5.59,38.49,1.19,1.49
2020-06-16,IDN,Indonesia,1106,33,580,493,40400,2231,15703,22466,Country,,,416,98.0,7230,8488.0,74953.0,1916907,265185520,138.34,113.921327,-0.789275,4.17,152.35,0.12,8.41,5.52,38.87,1.09,0.52
2020-06-17,IDN,Indonesia,1031,45,540,446,41431,2276,16243,22912,Country,,,416,98.0,7230,8488.0,74953.0,1916907,265185520,138.34,113.921327,-0.789275,3.89,156.23,0.17,8.58,5.49,39.2,0.93,1.36
2020-06-18,IDN,Indonesia,1331,63,555,713,42762,2339,16798,23625,Country,,,416,98.0,7230,8488.0,74953.0,1916907,265185520,138.34,113.921327,-0.789275,5.02,161.25,0.24,8.82,5.47,39.28,1.29,1.4
2020-06-19,IDN,Indonesia,1041,34,551,456,43803,2373,17349,24081,Country,,,416,98.0,7230,8488.0,74953.0,1916907,265185520,138.34,113.921327,-0.789275,3.93,165.18,0.13,8.95,5.42,39.61,0.78,0.54
2020-06-20,IDN,Indonesia,1226,56,534,636,45029,2429,17883,24717,Country,,,416,98.0,7230,8488.0,74953.0,1916907,265185520,138.34,113.921327,-0.789275,4.62,169.8,0.21,9.16,5.39,39.71,1.18,1.65
2020-06-21,IDN,Indonesia,862,36,521,305,45891,2465,18404,25022,Country,,,416,98.0,7230,8488.0,74953.0,1916907,265185520,138.34,113.921327,-0.789275,3.25,173.05,0.14,9.3,5.37,40.1,0.7,0.64
2020-06-22,IDN,Indonesia,954,35,331,588,46845,2500,18735,25610,Country,,,416,98.0,7230,8488.0,74953.0,1916907,265185520,138.34,113.921327,-0.789275,3.6,176.65,0.13,9.43,5.34,39.99,1.11,0.97
2020-06-23,IDN,Indonesia,1051,35,506,510,47896,2535,19241,26120,Country,,,416,98.0,7230,8488.0,74953.0,1916907,265185520,138.34,113.921327,-0.789275,3.96,180.61,0.13,9.56,5.29,40.17,1.1,1.0
2020-06-24,IDN,Indonesia,1113,38,417,658,49009,2573,19658,26778,Country,,,416,98.0,7230,8488.0,74953.0,1916907,265185520,138.34,113.921327,-0.789275,4.2,184.81,0.14,9.7,5.25,40.11,1.06,1.09
2020-06-25,IDN,Indonesia,1178,47,791,340,50187,2620,20449,27118,Country,,,416,98.0,7230,8488.0,74953.0,1916907,265185520,138.34,113.921327,-0.789275,4.44,189.25,0.18,9.88,5.22,40.75,1.06,1.24
2020-06-26,IDN,Indonesia,1240,63,884,293,51427,2683,21333,27411,Country,,,416,98.0,7230,8488.0,74953.0,1916907,265185520,138.34,113.921327,-0.789275,4.68,193.93,0.24,10.12,5.22,41.48,1.05,1.34
2020-06-27,IDN,Indonesia,1385,37,576,772,52812,2720,21909,28183,Country,,,416,98.0,7230,8488.0,74953.0,1916907,265185520,138.34,113.921327,-0.789275,5.22,199.15,0.14,10.26,5.15,41.48,1.12,0.59
2020-06-28,IDN,Indonesia,1198,34,1027,137,54010,2754,22936,28320,Country,,,416,98.0,7230,8488.0,74953.0,1916907,265185520,138.34,113.921327,-0.789275,4.52,203.67,0.13,10.39,5.1,42.47,0.86,0.92
2020-06-29,IDN,Indonesia,1082,51,864,167,55092,2805,23800,28487,Country,,,416,98.0,7230,8488.0,74953.0,1916907,265185520,138.34,113.921327,-0.789275,4.08,207.75,0.19,10.58,5.09,43.2,0.9,1.5
2020-06-30,IDN,Indonesia,1293,71,1006,216,56385,2876,24806,28703,Country,,,416,98.0,7230,8488.0,74953.0,1916907,265185520,138.34,113.921327,-0.789275,4.88,212.62,0.27,10.85,5.1,43.99,1.2,1.39
2020-07-01,IDN,Indonesia,1385,58,789,538,57770,2934,25595,29241,Country,,,416,98.0,7230,8488.0,74953.0,1916907,265185520,138.34,113.921327,-0.789275,5.22,217.85,0.22,11.06,5.08,44.31,1.07,0.82
2020-07-02,IDN,Indonesia,1624,53,1072,499,59394,2987,26667,29740,Country,,,416,98.0,7230,8488.0,74953.0,1916907,265185520,138.34,113.921327,-0.789275,6.12,223.97,0.2,11.26,5.03,44.9,1.17,0.91
2020-07-03,IDN,Indonesia,1301,49,901,351,60695,3036,27568,30091,Country,,,416,98.0,7230,8488.0,74953.0,1916907,265185520,138.34,113.921327,-0.789275,4.91,228.88,0.18,11.45,5.0,45.42,0.8,0.92
2020-07-04,IDN,Indonesia,1447,53,651,743,62142,3089,28219,30834,Country,,,416,98.0,7230,8488.0,74953.0,1916907,265185520,138.34,113.921327,-0.789275,5.46,234.33,0.2,11.65,4.97,45.41,1.11,1.08
2020-07-05,IDN,Indonesia,1607,82,886,639,63749,3171,29105,31473,Country,,,416,98.0,7230,8488.0,74953.0,1916907,265185520,138.34,113.921327,-0.789275,6.06,240.39,0.31,11.96,4.97,45.66,1.11,1.55
2020-07-06,IDN,Indonesia,1209,70,814,325,64958,3241,29919,31798,Country,,,416,98.0,7230,8488.0,74953.0,1916907,265185520,138.34,113.921327,-0.789275,4.56,244.95,0.26,12.22,4.99,46.06,0.75,0.85
2020-07-07,IDN,Indonesia,1268,68,866,334,66226,3309,30785,32132,Country,,,416,98.0,7230,8488.0,74953.0,1916907,265185520,138.34,113.921327,-0.789275,4.78,249.73,0.26,12.48,5.0,46.48,1.05,0.97
2020-07-08,IDN,Indonesia,1853,50,800,1003,68079,3359,31585,33135,Country,,,416,98.0,7230,8488.0,74953.0,1916907,265185520,138.34,113.921327,-0.789275,6.99,256.72,0.19,12.67,4.93,46.39,1.46,0.74
2020-07-09,IDN,Indonesia,2657,58,1066,1533,70736,3417,32651,34668,Country,,,416,98.0,7230,8488.0,74953.0,1916907,265185520,138.34,113.921327,-0.789275,10.02,266.74,0.22,12.89,4.83,46.16,1.43,1.16
2020-07-10,IDN,Indonesia,1611,52,878,681,72347,3469,33529,35349,Country,,,416,98.0,7230,8488.0,74953.0,1916907,265185520,138.34,113.921327,-0.789275,6.07,272.82,0.2,13.08,4.79,46.34,0.61,0.9
2020-07-11,IDN,Indonesia,1671,66,1190,415,74018,3535,34719,35764,Country,,,416,98.0,7230,8488.0,74953.0,1916907,265185520,138.34,113.921327,-0.789275,6.3,279.12,0.25,13.33,4.78,46.91,1.04,1.27
2020-07-12,IDN,Indonesia,1681,71,919,691,75699,3606,35638,36455,Country,,,416,98.0,7230,8488.0,74953.0,1916907,265185520,138.34,113.921327,-0.789275,6.34,285.46,0.27,13.6,4.76,47.08,1.01,1.08
2020-07-13,IDN,Indonesia,1282,50,1051,181,76981,3656,36689,36636,Country,,,416,98.0,7230,8488.0,74953.0,1916907,265185520,138.34,113.921327,-0.789275,4.83,290.29,0.19,13.79,4.75,47.66,0.76,0.7
2020-07-14,IDN,Indonesia,1591,54,947,590,78572,3710,37636,37226,Country,,,416,98.0,7230,8488.0,74953.0,1916907,265185520,138.34,113.921327,-0.789275,6.0,296.29,0.2,13.99,4.72,47.9,1.24,1.08
2020-07-15,IDN,Indonesia,1522,87,1414,21,80094,3797,39050,37247,Country,,,416,98.0,7230,8488.0,74953.0,1916907,265185520,138.34,113.921327,-0.789275,5.74,302.03,0.33,14.32,4.74,48.76,0.96,1.61
2020-07-16,IDN,Indonesia,1574,76,1295,203,81668,3873,40345,37450,Country,,,416,98.0,7230,8488.0,74953.0,1916907,265185520,138.34,113.921327,-0.789275,5.94,307.97,0.29,14.6,4.74,49.4,1.03,0.87
2020-07-17,IDN,Indonesia,1462,84,1489,-111,83130,3957,41834,37339,Country,,,416,98.0,7230,8488.0,74953.0,1916907,265185520,138.34,113.921327,-0.789275,5.51,313.48,0.32,14.92,4.76,50.32,0.93,1.11
2020-07-18,IDN,Indonesia,1752,59,1434,259,84882,4016,43268,37598,Country,,,416,98.0,7230,8488.0,74953.0,1916907,265185520,138.34,113.921327,-0.789275,6.61,320.09,0.22,15.14,4.73,50.97,1.2,0.7
2020-07-19,IDN,Indonesia,1639,127,2133,-621,86521,4143,45401,36977,Country,,,416,98.0,7230,8488.0,74953.0,1916907,265185520,138.34,113.921327,-0.789275,6.18,326.27,0.48,15.62,4.79,52.47,0.94,2.15
2020-07-20,IDN,Indonesia,1693,96,1576,21,88214,4239,46977,36998,Country,,,416,98.0,7230,8488.0,74953.0,1916907,265185520,138.34,113.921327,-0.789275,6.38,332.65,0.36,15.99,4.81,53.25,1.03,0.76
2020-07-21,IDN,Indonesia,1655,81,1489,85,89869,4320,48466,37083,Country,,,416,98.0,7230,8488.0,74953.0,1916907,265185520,138.34,113.921327,-0.789275,6.24,338.89,0.31,16.29,4.81,53.93,0.98,0.84
2020-07-22,IDN,Indonesia,1882,139,1789,-46,91751,4459,50255,37037,Country,,,416,98.0,7230,8488.0,74953.0,1916907,265185520,138.34,113.921327,-0.789275,7.1,345.99,0.52,16.81,4.86,54.77,1.14,1.72
2020-07-23,IDN,Indonesia,1906,117,1909,-120,93657,4576,52164,36917,Country,,,416,98.0,7230,8488.0,74953.0,1916907,265185520,138.34,113.921327,-0.789275,7.19,353.18,0.44,17.26,4.89,55.7,1.01,0.84
2020-07-24,IDN,Indonesia,1761,89,1781,-109,95418,4665,53945,36808,Country,,,416,98.0,7230,8488.0,74953.0,1916907,265185520,138.34,113.921327,-0.789275,6.64,359.82,0.34,17.59,4.89,56.54,0.92,0.76
2020-07-25,IDN,Indonesia,1868,49,1409,410,97286,4714,55354,37218,Country,,,416,98.0,7230,8488.0,74953.0,1916907,265185520,138.34,113.921327,-0.789275,7.04,366.86,0.18,17.78,4.85,56.9,1.06,0.55
2020-07-26,IDN,Indonesia,1492,67,1301,124,98778,4781,56655,37342,Country,,,416,98.0,7230,8488.0,74953.0,1916907,265185520,138.34,113.921327,-0.789275,5.63,372.49,0.25,18.03,4.84,57.36,0.8,1.37
2020-07-27,IDN,Indonesia,1525,57,1518,-50,100303,4838,58173,37292,Country,,,416,98.0,7230,8488.0,74953.0,1916907,265185520,138.34,113.921327,-0.789275,5.75,378.24,0.21,18.24,4.82,58.0,1.02,0.85
2020-07-28,IDN,Indonesia,1748,63,2366,-681,102051,4901,60539,36611,Country,,,416,98.0,7230,8488.0,74953.0,1916907,265185520,138.34,113.921327,-0.789275,6.59,384.83,0.24,18.48,4.8,59.32,1.15,1.11
2020-07-29,IDN,Indonesia,2381,74,1599,708,104432,4975,62138,37319,Country,,,416,98.0,7230,8488.0,74953.0,1916907,265185520,138.34,113.921327,-0.789275,8.98,393.81,0.28,18.76,4.76,59.5,1.36,1.17
2020-07-30,IDN,Indonesia,1904,83,2154,-333,106336,5058,64292,36986,Country,,,416,98.0,7230,8488.0,74953.0,1916907,265185520,138.34,113.921327,-0.789275,7.18,400.99,0.31,19.07,4.76,60.46,0.8,1.12
2020-07-31,IDN,Indonesia,2040,73,1615,352,108376,5131,65907,37338,Country,,,416,98.0,7230,8488.0,74953.0,1916907,265185520,138.34,113.921327,-0.789275,7.69,408.68,0.28,19.35,4.73,60.81,1.07,0.88
2020-08-01,IDN,Indonesia,1560,62,2012,-514,109936,5193,67919,36824,Country,,,416,98.0,7230,8488.0,74953.0,1916907,265185520,138.34,113.921327,-0.789275,5.88,414.56,0.23,19.58,4.72,61.78,0.76,0.85
2020-08-02,IDN,Indonesia,1519,43,1056,420,111455,5236,68975,37244,Country,,,416,98.0,7230,8488.0,74953.0,1916907,265185520,138.34,113.921327,-0.789275,5.73,420.29,0.16,19.74,4.7,61.89,0.97,0.69
2020-08-03,IDN,Indonesia,1679,66,1262,351,113134,5302,70237,37595,Country,,,416,98.0,7230,8488.0,74953.0,1916907,265185520,138.34,113.921327,-0.789275,6.33,426.62,0.25,19.99,4.69,62.08,1.11,1.53
2020-08-04,IDN,Indonesia,1922,86,1813,23,115056,5388,72050,37618,Country,,,416,98.0,7230,8488.0,74953.0,1916907,265185520,138.34,113.921327,-0.789275,7.25,433.87,0.32,20.32,4.68,62.62,1.14,1.3
2020-08-05,IDN,Indonesia,1815,64,1839,-88,116871,5452,73889,37530,Country,,,416,98.0,7230,8488.0,74953.0,1916907,265185520,138.34,113.921327,-0.789275,6.84,440.71,0.24,20.56,4.66,63.22,0.94,0.74
2020-08-06,IDN,Indonesia,1882,69,1756,57,118753,5521,75645,37587,Country,,,416,98.0,7230,8488.0,74953.0,1916907,265185520,138.34,113.921327,-0.789275,7.1,447.81,0.26,20.82,4.65,63.7,1.04,1.08
2020-08-07,IDN,Indonesia,2473,72,1912,489,121226,5593,77557,38076,Country,,,416,98.0,7230,8488.0,74953.0,1916907,265185520,138.34,113.921327,-0.789275,9.33,457.14,0.27,21.09,4.61,63.98,1.31,1.04
2020-08-08,IDN,Indonesia,2277,65,1749,463,123503,5658,79306,38539,Country,,,416,98.0,7230,8488.0,74953.0,1916907,265185520,138.34,113.921327,-0.789275,8.59,465.72,0.25,21.34,4.58,64.21,0.92,0.9
2020-08-09,IDN,Indonesia,1893,65,1646,182,125396,5723,80952,38721,Country,,,416,98.0,7230,8488.0,74953.0,1916907,265185520,138.34,113.921327,-0.789275,7.14,472.86,0.25,21.58,4.56,64.56,0.83,1.0
2020-08-10,IDN,Indonesia,1687,42,1284,361,127083,5765,82236,39082,Country,,,416,98.0,7230,8488.0,74953.0,1916907,265185520,138.34,113.921327,-0.789275,6.36,479.22,0.16,21.74,4.54,64.71,0.89,0.65
2020-08-11,IDN,Indonesia,1693,59,1474,160,128776,5824,83710,39242,Country,,,416,98.0,7230,8488.0,74953.0,1916907,265185520,138.34,113.921327,-0.789275,6.38,485.61,0.22,21.96,4.52,65.0,1.0,1.4
2020-08-12,IDN,Indonesia,1942,79,2088,-225,130718,5903,85798,39017,Country,,,416,98.0,7230,8488.0,74953.0,1916907,265185520,138.34,113.921327,-0.789275,7.32,492.93,0.3,22.26,4.52,65.64,1.15,1.34
2020-08-13,IDN,Indonesia,2098,65,1760,273,132816,5968,87558,39290,Country,,,416,98.0,7230,8488.0,74953.0,1916907,265185520,138.34,113.921327,-0.789275,7.91,500.84,0.25,22.5,4.49,65.92,1.08,0.82
2020-08-14,IDN,Indonesia,2307,53,2060,194,135123,6021,89618,39484,Country,,,416,98.0,7230,8488.0,74953.0,1916907,265185520,138.34,113.921327,-0.789275,8.7,509.54,0.2,22.7,4.46,66.32,1.1,0.82
2020-08-15,IDN,Indonesia,2345,50,1703,592,137468,6071,91321,40076,Country,,,416,98.0,7230,8488.0,74953.0,1916907,265185520,138.34,113.921327,-0.789275,8.84,518.38,0.19,22.89,4.42,66.43,1.02,0.94
2020-08-16,IDN,Indonesia,2081,79,1782,220,139549,6150,93103,40296,Country,,,416,98.0,7230,8488.0,74953.0,1916907,265185520,138.34,113.921327,-0.789275,7.85,526.23,0.3,23.19,4.41,66.72,0.89,1.58
2020-08-17,IDN,Indonesia,1821,57,1355,409,141370,6207,94458,40705,Country,,,416,98.0,7230,8488.0,74953.0,1916907,265185520,138.34,113.921327,-0.789275,6.87,533.1,0.21,23.41,4.39,66.82,0.88,0.72
2020-08-18,IDN,Indonesia,1673,70,1848,-245,143043,6277,96306,40460,Country,,,416,98.0,7230,8488.0,74953.0,1916907,265185520,138.34,113.921327,-0.789275,6.31,539.41,0.26,23.67,4.39,67.33,0.92,1.23
2020-08-19,IDN,Indonesia,1902,69,2351,-518,144945,6346,98657,39942,Country,,,416,98.0,7230,8488.0,74953.0,1916907,265185520,138.34,113.921327,-0.789275,7.17,546.58,0.26,23.93,4.38,68.07,1.14,0.99
2020-08-20,IDN,Indonesia,2266,72,2017,177,147211,6418,100674,40119,Country,,,416,98.0,7230,8488.0,74953.0,1916907,265185520,138.34,113.921327,-0.789275,8.54,555.12,0.27,24.2,4.36,68.39,1.19,1.04
2020-08-21,IDN,Indonesia,2197,82,2317,-202,149408,6500,102991,39917,Country,,,416,98.0,7230,8488.0,74953.0,1916907,265185520,138.34,113.921327,-0.789275,8.28,563.41,0.31,24.51,4.35,68.93,0.97,1.14
2020-08-22,IDN,Indonesia,2090,94,2207,-211,151498,6594,105198,39706,Country,,,416,98.0,7230,8488.0,74953.0,1916907,265185520,138.34,113.921327,-0.789275,7.88,571.29,0.35,24.87,4.35,69.44,0.95,1.15
2020-08-23,IDN,Indonesia,2037,86,2302,-351,153535,6680,107500,39355,Country,,,416,98.0,7230,8488.0,74953.0,1916907,265185520,138.34,113.921327,-0.789275,7.68,578.97,0.32,25.19,4.35,70.02,0.97,0.91
2020-08-24,IDN,Indonesia,1877,79,3560,-1762,155412,6759,111060,37593,Country,,,416,98.0,7230,8488.0,74953.0,1916907,265185520,138.34,113.921327,-0.789275,7.08,586.05,0.3,25.49,4.35,71.46,0.92,0.92
2020-08-25,IDN,Indonesia,2447,99,1807,541,157859,6858,112867,38134,Country,,,416,98.0,7230,8488.0,74953.0,1916907,265185520,138.34,113.921327,-0.789275,9.23,595.28,0.37,25.86,4.34,71.5,1.3,1.25
2020-08-26,IDN,Indonesia,2306,86,2542,-322,160165,6944,115409,37812,Country,,,416,98.0,7230,8488.0,74953.0,1916907,265185520,138.34,113.921327,-0.789275,8.7,603.97,0.32,26.19,4.34,72.06,0.94,0.87
2020-08-27,IDN,Indonesia,2719,120,3166,-567,162884,7064,118575,37245,Country,,,416,98.0,7230,8488.0,74953.0,1916907,265185520,138.34,113.921327,-0.789275,10.25,614.23,0.45,26.64,4.34,72.8,1.18,1.4
2020-08-28,IDN,Indonesia,3003,105,2325,573,165887,7169,120900,37818,Country,,,416,98.0,7230,8488.0,74953.0,1916907,265185520,138.34,113.921327,-0.789275,11.32,625.55,0.4,27.03,4.32,72.88,1.1,0.88
2020-08-29,IDN,Indonesia,3308,92,1902,1314,169195,7261,122802,39132,Country,,,416,98.0,7230,8488.0,74953.0,1916907,265185520,138.34,113.921327,-0.789275,12.47,638.03,0.35,27.38,4.29,72.58,1.1,0.88
2020-08-30,IDN,Indonesia,2858,82,1383,1393,172053,7343,124185,40525,Country,,,416,98.0,7230,8488.0,74953.0,1916907,265185520,138.34,113.921327,-0.789275,10.78,648.8,0.31,27.69,4.27,72.18,0.86,0.89
2020-08-31,IDN,Indonesia,2743,74,1774,895,174796,7417,125959,41420,Country,,,416,98.0,7230,8488.0,74953.0,1916907,265185520,138.34,113.921327,-0.789275,10.34,659.15,0.28,27.97,4.24,72.06,0.96,0.9
2020-09-01,IDN,Indonesia,2775,88,2098,589,177571,7505,128057,42009,Country,,,416,98.0,7230,8488.0,74953.0,1916907,265185520,138.34,113.921327,-0.789275,10.46,669.61,0.33,28.3,4.23,72.12,1.01,1.19
2020-09-02,IDN,Indonesia,3075,111,1914,1050,180646,7616,129971,43059,Country,,,416,98.0,7230,8488.0,74953.0,1916907,265185520,138.34,113.921327,-0.789275,11.6,681.21,0.42,28.72,4.22,71.95,1.11,1.26
2020-09-03,IDN,Indonesia,3622,134,2084,1404,184268,7750,132055,44463,Country,,,416,98.0,7230,8488.0,74953.0,1916907,265185520,138.34,113.921327,-0.789275,13.66,694.86,0.51,29.22,4.21,71.66,1.18,1.21
2020-09-04,IDN,Indonesia,3269,82,2126,1061,187537,7832,134181,45524,Country,,,416,98.0,7230,8488.0,74953.0,1916907,265185520,138.34,113.921327,-0.789275,12.33,707.19,0.31,29.53,4.18,71.55,0.9,0.61
2020-09-05,IDN,Indonesia,3128,108,2220,800,190665,7940,136401,46324,Country,,,416,98.0,7230,8488.0,74953.0,1916907,265185520,138.34,113.921327,-0.789275,11.8,718.99,0.41,29.94,4.16,71.54,0.96,1.32
2020-09-06,IDN,Indonesia,3444,85,2174,1185,194109,8025,138575,47509,Country,,,416,98.0,7230,8488.0,74953.0,1916907,265185520,138.34,113.921327,-0.789275,12.99,731.97,0.32,30.26,4.13,71.39,1.1,0.79
2020-09-07,IDN,Indonesia,2880,105,2077,698,196989,8130,140652,48207,Country,,,416,98.0,7230,8488.0,74953.0,1916907,265185520,138.34,113.921327,-0.789275,10.86,742.83,0.4,30.66,4.13,71.4,0.84,1.24
2020-09-08,IDN,Indonesia,3046,100,2306,640,200035,8230,142958,48847,Country,,,416,98.0,7230,8488.0,74953.0,1916907,265185520,138.34,113.921327,-0.789275,11.49,754.32,0.38,31.03,4.11,71.47,1.06,0.95
2020-09-09,IDN,Indonesia,3307,106,2242,959,203342,8336,145200,49806,Country,,,416,98.0,7230,8488.0,74953.0,1916907,265185520,138.34,113.921327,-0.789275,12.47,766.79,0.4,31.43,4.1,71.41,1.09,1.06
2020-09-10,IDN,Indonesia,3861,120,2310,1431,207203,8456,147510,51237,Country,,,416,98.0,7230,8488.0,74953.0,1916907,265185520,138.34,113.921327,-0.789275,14.56,781.35,0.45,31.89,4.08,71.19,1.17,1.13
2020-09-11,IDN,Indonesia,3737,88,2707,942,210940,8544,150217,52179,Country,,,416,98.0,7230,8488.0,74953.0,1916907,265185520,138.34,113.921327,-0.789275,14.09,795.44,0.33,32.22,4.05,71.21,0.97,0.73
2020-09-12,IDN,Indonesia,3806,106,2241,1459,214746,8650,152458,53638,Country,,,416,98.0,7230,8488.0,74953.0,1916907,265185520,138.34,113.921327,-0.789275,14.35,809.8,0.4,32.62,4.03,70.99,1.02,1.2
2020-09-13,IDN,Indonesia,3636,73,2552,1011,218382,8723,155010,54649,Country,,,416,98.0,7230,8488.0,74953.0,1916907,265185520,138.34,113.921327,-0.789275,13.71,823.51,0.28,32.89,3.99,70.98,0.96,0.69
2020-09-14,IDN,Indonesia,3141,118,3395,-372,221523,8841,158405,54277,Country,,,416,98.0,7230,8488.0,74953.0,1916907,265185520,138.34,113.921327,-0.789275,11.84,835.35,0.44,33.34,3.99,71.51,0.86,1.62
2020-09-15,IDN,Indonesia,3507,124,2660,723,225030,8965,161065,55000,Country,,,416,98.0,7230,8488.0,74953.0,1916907,265185520,138.34,113.921327,-0.789275,13.22,848.58,0.47,33.81,3.98,71.57,1.12,1.05
2020-09-16,IDN,Indonesia,3963,135,3036,792,228993,9100,164101,55792,Country,,,416,98.0,7230,8488.0,74953.0,1916907,265185520,138.34,113.921327,-0.789275,14.94,863.52,0.51,34.32,3.97,71.66,1.13,1.09
2020-09-17,IDN,Indonesia,3635,122,2585,928,232628,9222,166686,56720,Country,,,416,98.0,7230,8488.0,74953.0,1916907,265185520,138.34,113.921327,-0.789275,13.71,877.23,0.46,34.78,3.96,71.65,0.92,0.9
2020-09-18,IDN,Indonesia,3891,114,4088,-311,236519,9336,170774,56409,Country,,,416,98.0,7230,8488.0,74953.0,1916907,265185520,138.34,113.921327,-0.789275,14.67,891.9,0.43,35.21,3.95,72.2,1.07,0.93
2020-09-19,IDN,Indonesia,4168,112,3576,480,240687,9448,174350,56889,Country,,,416,98.0,7230,8488.0,74953.0,1916907,265185520,138.34,113.921327,-0.789275,15.72,907.62,0.42,35.63,3.93,72.44,1.07,0.98
2020-09-20,IDN,Indonesia,3989,105,2977,907,244676,9553,177327,57796,Country,,,416,98.0,7230,8488.0,74953.0,1916907,265185520,138.34,113.921327,-0.789275,15.04,922.66,0.4,36.02,3.9,72.47,0.96,0.94
2020-09-21,IDN,Indonesia,4176,124,3470,582,248852,9677,180797,58378,Country,,,416,98.0,7230,8488.0,74953.0,1916907,265185520,138.34,113.921327,-0.789275,15.75,938.41,0.47,36.49,3.89,72.65,1.05,1.18
2020-09-22,IDN,Indonesia,4071,160,3501,410,252923,9837,184298,58788,Country,,,416,98.0,7230,8488.0,74953.0,1916907,265185520,138.34,113.921327,-0.789275,15.35,953.76,0.6,37.09,3.89,72.87,0.97,1.29
2020-09-23,IDN,Indonesia,4465,140,3660,665,257388,9977,187958,59453,Country,,,416,98.0,7230,8488.0,74953.0,1916907,265185520,138.34,113.921327,-0.789275,16.84,970.6,0.53,37.62,3.88,73.03,1.1,0.88
2020-09-24,IDN,Indonesia,4634,128,3895,611,262022,10105,191853,60064,Country,,,416,98.0,7230,8488.0,74953.0,1916907,265185520,138.34,113.921327,-0.789275,17.47,988.07,0.48,38.11,3.86,73.22,1.04,0.91
2020-09-25,IDN,Indonesia,4823,113,4343,367,266845,10218,196196,60431,Country,,,416,98.0,7230,8488.0,74953.0,1916907,265185520,138.34,113.921327,-0.789275,18.19,1006.26,0.43,38.53,3.83,73.52,1.04,0.88
2020-09-26,IDN,Indonesia,4494,90,3207,1197,271339,10308,199403,61628,Country,,,416,98.0,7230,8488.0,74953.0,1916907,265185520,138.34,113.921327,-0.789275,16.95,1023.2,0.34,38.87,3.8,73.49,0.93,0.8
2020-09-27,IDN,Indonesia,3874,78,3611,185,275213,10386,203014,61813,Country,,,416,98.0,7230,8488.0,74953.0,1916907,265185520,138.34,113.921327,-0.789275,14.61,1037.81,0.29,39.17,3.77,73.77,0.86,0.87
2020-09-28,IDN,Indonesia,3509,87,3856,-434,278722,10473,206870,61379,Country,,,416,98.0,7230,8488.0,74953.0,1916907,265185520,138.34,113.921327,-0.789275,13.23,1051.05,0.33,39.49,3.76,74.22,0.91,1.12
2020-09-29,IDN,Indonesia,4002,128,3567,307,282724,10601,210437,61686,Country,,,416,98.0,7230,8488.0,74953.0,1916907,265185520,138.34,113.921327,-0.789275,15.09,1066.14,0.48,39.98,3.75,74.43,1.14,1.47
2020-09-30,IDN,Indonesia,4284,139,4510,-365,287008,10740,214947,61321,Country,,,416,98.0,7230,8488.0,74953.0,1916907,265185520,138.34,113.921327,-0.789275,16.15,1082.29,0.52,40.5,3.74,74.89,1.07,1.09
2020-10-01,IDN,Indonesia,4174,116,3540,518,291182,10856,218487,61839,Country,,,416,98.0,7230,8488.0,74953.0,1916907,265185520,138.34,113.921327,-0.789275,15.74,1098.03,0.44,40.94,3.73,75.03,0.97,0.83
2020-10-02,IDN,Indonesia,4317,116,2853,1348,295499,10972,221340,63187,Country,,,416,98.0,7230,8488.0,74953.0,1916907,265185520,138.34,113.921327,-0.789275,16.28,1114.31,0.44,41.37,3.71,74.9,1.03,1.0
2020-10-03,IDN,Indonesia,4007,83,3712,212,299506,11055,225052,63399,Country,,,416,98.0,7230,8488.0,74953.0,1916907,265185520,138.34,113.921327,-0.789275,15.11,1129.42,0.31,41.69,3.69,75.14,0.93,0.72
2020-10-04,IDN,Indonesia,3992,96,3401,495,303498,11151,228453,63894,Country,,,416,98.0,7230,8488.0,74953.0,1916907,265185520,138.34,113.921327,-0.789275,15.05,1144.47,0.36,42.05,3.67,75.27,1.0,1.16
2020-10-05,IDN,Indonesia,3622,102,4140,-620,307120,11253,232593,63274,Country,,,416,98.0,7230,8488.0,74953.0,1916907,265185520,138.34,113.921327,-0.789275,13.66,1158.13,0.38,42.43,3.66,75.73,0.91,1.06
2020-10-06,IDN,Indonesia,4056,121,3844,91,311176,11374,236437,63365,Country,,,416,98.0,7230,8488.0,74953.0,1916907,265185520,138.34,113.921327,-0.789275,15.29,1173.43,0.46,42.89,3.66,75.98,1.12,1.19
2020-10-07,IDN,Indonesia,4538,98,3854,586,315714,11472,240291,63951,Country,,,416,98.0,7230,8488.0,74953.0,1916907,265185520,138.34,113.921327,-0.789275,17.11,1190.54,0.37,43.26,3.63,76.11,1.12,0.81
2020-10-08,IDN,Indonesia,4850,108,3769,973,320564,11580,244060,64924,Country,,,416,98.0,7230,8488.0,74953.0,1916907,265185520,138.34,113.921327,-0.789275,18.29,1208.83,0.41,43.67,3.61,76.13,1.07,1.1
2020-10-09,IDN,Indonesia,4094,97,3607,390,324658,11677,247667,65314,Country,,,416,98.0,7230,8488.0,74953.0,1916907,265185520,138.34,113.921327,-0.789275,15.44,1224.27,0.37,44.03,3.6,76.29,0.84,0.9
2020-10-10,IDN,Indonesia,4294,88,3814,392,328952,11765,251481,65706,Country,,,416,98.0,7230,8488.0,74953.0,1916907,265185520,138.34,113.921327,-0.789275,16.19,1240.46,0.33,44.37,3.58,76.45,1.05,0.91
2020-10-11,IDN,Indonesia,4497,79,3546,872,333449,11844,255027,66578,Country,,,416,98.0,7230,8488.0,74953.0,1916907,265185520,138.34,113.921327,-0.789275,16.96,1257.42,0.3,44.66,3.55,76.48,1.05,0.9
2020-10-12,IDN,Indonesia,3267,91,3492,-316,336716,11935,258519,66262,Country,,,416,98.0,7230,8488.0,74953.0,1916907,265185520,138.34,113.921327,-0.789275,12.32,1269.74,0.34,45.01,3.54,76.78,0.73,1.15
2020-10-13,IDN,Indonesia,3906,92,4777,-963,340622,12027,263296,65299,Country,,,416,98.0,7230,8488.0,74953.0,1916907,265185520,138.34,113.921327,-0.789275,14.73,1284.47,0.35,45.35,3.53,77.3,1.2,1.01
2020-10-14,IDN,Indonesia,4127,129,4555,-557,344749,12156,267851,64742,Country,,,416,98.0,7230,8488.0,74953.0,1916907,265185520,138.34,113.921327,-0.789275,15.56,1300.03,0.49,45.84,3.53,77.69,1.06,1.4
2020-10-15,IDN,Indonesia,4411,112,5810,-1511,349160,12268,273661,63231,Country,,,416,98.0,7230,8488.0,74953.0,1916907,265185520,138.34,113.921327,-0.789275,16.63,1316.66,0.42,46.26,3.51,78.38,1.07,0.87
2020-10-16,IDN,Indonesia,4301,79,3883,339,353461,12347,277544,63570,Country,,,416,98.0,7230,8488.0,74953.0,1916907,265185520,138.34,113.921327,-0.789275,16.22,1332.88,0.3,46.56,3.49,78.52,0.98,0.71
2020-10-17,IDN,Indonesia,4301,84,4048,169,357762,12431,281592,63739,Country,,,416,98.0,7230,8488.0,74953.0,1916907,265185520,138.34,113.921327,-0.789275,16.22,1349.1,0.32,46.88,3.47,78.71,1.0,1.06
2020-10-18,IDN,Indonesia,4105,80,3732,293,361867,12511,285324,64032,Country,,,416,98.0,7230,8488.0,74953.0,1916907,265185520,138.34,113.921327,-0.789275,15.48,1364.58,0.3,47.18,3.46,78.85,0.95,0.95
2020-10-19,IDN,Indonesia,3373,106,3919,-652,365240,12617,289243,63380,Country,,,416,98.0,7230,8488.0,74953.0,1916907,265185520,138.34,113.921327,-0.789275,12.72,1377.3,0.4,47.58,3.45,79.19,0.82,1.33
2020-10-20,IDN,Indonesia,3602,117,4410,-925,368842,12734,293653,62455,Country,,,416,98.0,7230,8488.0,74953.0,1916907,265185520,138.34,113.921327,-0.789275,13.58,1390.88,0.44,48.02,3.45,79.61,1.07,1.1
2020-10-21,IDN,Indonesia,4267,123,3856,288,373109,12857,297509,62743,Country,,,416,98.0,7230,8488.0,74953.0,1916907,265185520,138.34,113.921327,-0.789275,16.09,1406.97,0.46,48.48,3.45,79.74,1.18,1.05
2020-10-22,IDN,Indonesia,4432,102,3497,833,377541,12959,301006,63576,Country,,,416,98.0,7230,8488.0,74953.0,1916907,265185520,138.34,113.921327,-0.789275,16.71,1423.69,0.38,48.87,3.43,79.73,1.04,0.83
2020-10-23,IDN,Indonesia,4369,118,4094,157,381910,13077,305100,63733,Country,,,416,98.0,7230,8488.0,74953.0,1916907,265185520,138.34,113.921327,-0.789275,16.48,1440.16,0.44,49.31,3.42,79.89,0.99,1.16
2020-10-24,IDN,Indonesia,4070,128,4119,-177,385980,13205,309219,63556,Country,,,416,98.0,7230,8488.0,74953.0,1916907,265185520,138.34,113.921327,-0.789275,15.35,1455.51,0.48,49.8,3.42,80.11,0.93,1.08
2020-10-25,IDN,Indonesia,3732,94,4545,-907,389712,13299,313764,62649,Country,,,416,98.0,7230,8488.0,74953.0,1916907,265185520,138.34,113.921327,-0.789275,14.07,1469.58,0.35,50.15,3.41,80.51,0.92,0.73
2020-10-26,IDN,Indonesia,3222,112,3908,-798,392934,13411,317672,61851,Country,,,416,98.0,7230,8488.0,74953.0,1916907,265185520,138.34,113.921327,-0.789275,12.15,1481.73,0.42,50.57,3.41,80.85,0.86,1.19
2020-10-27,IDN,Indonesia,3520,101,4576,-1157,396454,13512,322248,60694,Country,,,416,98.0,7230,8488.0,74953.0,1916907,265185520,138.34,113.921327,-0.789275,13.27,1495.01,0.38,50.95,3.41,81.28,1.09,0.9
2020-10-28,IDN,Indonesia,4029,100,3545,384,400483,13612,325793,61078,Country,,,416,98.0,7230,8488.0,74953.0,1916907,265185520,138.34,113.921327,-0.789275,15.19,1510.2,0.38,51.33,3.4,81.35,1.14,0.99
2020-10-29,IDN,Indonesia,3565,89,3985,-509,404048,13701,329778,60569,Country,,,416,98.0,7230,8488.0,74953.0,1916907,265185520,138.34,113.921327,-0.789275,13.44,1523.64,0.34,51.67,3.39,81.62,0.88,0.89
2020-10-30,IDN,Indonesia,2897,81,4517,-1701,406945,13782,334295,58868,Country,,,416,98.0,7230,8488.0,74953.0,1916907,265185520,138.34,113.921327,-0.789275,10.92,1534.57,0.31,51.97,3.39,82.15,0.81,0.91
2020-10-31,IDN,Indonesia,3143,87,3506,-450,410088,13869,337801,58418,Country,,,416,98.0,7230,8488.0,74953.0,1916907,265185520,138.34,113.921327,-0.789275,11.85,1546.42,0.33,52.3,3.38,82.37,1.08,1.07
2020-11-01,IDN,Indonesia,2696,74,4141,-1519,412784,13943,341942,56899,Country,,,416,98.0,7230,8488.0,74953.0,1916907,265185520,138.34,113.921327,-0.789275,10.17,1556.59,0.28,52.58,3.38,82.84,0.86,0.85
2020-11-02,IDN,Indonesia,2618,101,3624,-1107,415402,14044,345566,55792,Country,,,416,98.0,7230,8488.0,74953.0,1916907,265185520,138.34,113.921327,-0.789275,9.87,1566.46,0.38,52.96,3.38,83.19,0.97,1.36
2020-11-03,IDN,Indonesia,2973,102,3931,-1060,418375,14146,349497,54732,Country,,,416,98.0,7230,8488.0,74953.0,1916907,265185520,138.34,113.921327,-0.789275,11.21,1577.67,0.38,53.34,3.38,83.54,1.14,1.01
2020-11-04,IDN,Indonesia,3356,113,3785,-542,421731,14259,353282,54190,Country,,,416,98.0,7230,8488.0,74953.0,1916907,265185520,138.34,113.921327,-0.789275,12.66,1590.32,0.43,53.77,3.38,83.77,1.13,1.11
2020-11-05,IDN,Indonesia,4065,89,3860,116,425796,14348,357142,54306,Country,,,416,98.0,7230,8488.0,74953.0,1916907,265185520,138.34,113.921327,-0.789275,15.33,1605.65,0.34,54.11,3.37,83.88,1.21,0.79
2020-11-06,IDN,Indonesia,3778,94,3563,121,429574,14442,360705,54427,Country,,,416,98.0,7230,8488.0,74953.0,1916907,265185520,138.34,113.921327,-0.789275,14.25,1619.9,0.35,54.46,3.36,83.97,0.93,1.06
2020-11-07,IDN,Indonesia,4262,98,3712,452,433836,14540,364417,54879,Country,,,416,98.0,7230,8488.0,74953.0,1916907,265185520,138.34,113.921327,-0.789275,16.07,1635.97,0.37,54.83,3.35,84.0,1.13,1.04
2020-11-08,IDN,Indonesia,3880,74,3881,-75,437716,14614,368298,54804,Country,,,416,98.0,7230,8488.0,74953.0,1916907,265185520,138.34,113.921327,-0.789275,14.63,1650.6,0.28,55.11,3.34,84.14,0.91,0.76
2020-11-09,IDN,Indonesia,2853,75,3968,-1190,440569,14689,372266,53614,Country,,,416,98.0,7230,8488.0,74953.0,1916907,265185520,138.34,113.921327,-0.789275,10.76,1661.36,0.28,55.39,3.33,84.5,0.74,1.01
2020-11-10,IDN,Indonesia,3779,72,3475,232,444348,14761,375741,53846,Country,,,416,98.0,7230,8488.0,74953.0,1916907,265185520,138.34,113.921327,-0.789275,14.25,1675.61,0.27,55.66,3.32,84.56,1.32,0.96
2020-11-11,IDN,Indonesia,3770,75,3241,454,448118,14836,378982,54300,Country,,,416,98.0,7230,8488.0,74953.0,1916907,265185520,138.34,113.921327,-0.789275,14.22,1689.83,0.28,55.95,3.31,84.57,1.0,1.04
2020-11-12,IDN,Indonesia,4173,97,3102,974,452291,14933,382084,55274,Country,,,416,98.0,7230,8488.0,74953.0,1916907,265185520,138.34,113.921327,-0.789275,15.74,1705.56,0.37,56.31,3.3,84.48,1.11,1.29
2020-11-13,IDN,Indonesia,5444,104,3010,2330,457735,15037,385094,57604,Country,,,416,98.0,7230,8488.0,74953.0,1916907,265185520,138.34,113.921327,-0.789275,20.53,1726.09,0.39,56.7,3.29,84.13,1.3,1.07
2020-11-14,IDN,Indonesia,5272,111,3000,2161,463007,15148,388094,59765,Country,,,416,98.0,7230,8488.0,74953.0,1916907,265185520,138.34,113.921327,-0.789275,19.88,1745.97,0.42,57.12,3.27,83.82,0.97,1.07
2020-11-15,IDN,Indonesia,4106,63,3897,146,467113,15211,391991,59911,Country,,,416,98.0,7230,8488.0,74953.0,1916907,265185520,138.34,113.921327,-0.789275,15.48,1761.46,0.24,57.36,3.26,83.92,0.78,0.57
2020-11-16,IDN,Indonesia,3535,85,3452,-2,470648,15296,395443,59909,Country,,,416,98.0,7230,8488.0,74953.0,1916907,265185520,138.34,113.921327,-0.789275,13.33,1774.79,0.32,57.68,3.25,84.02,0.86,1.35
2020-11-17,IDN,Indonesia,3807,97,3193,517,474455,15393,398636,60426,Country,,,416,98.0,7230,8488.0,74953.0,1916907,265185520,138.34,113.921327,-0.789275,14.36,1789.14,0.37,58.05,3.24,84.02,1.08,1.14
2020-11-18,IDN,Indonesia,4265,110,3711,444,478720,15503,402347,60870,Country,,,416,98.0,7230,8488.0,74953.0,1916907,265185520,138.34,113.921327,-0.789275,16.08,1805.23,0.41,58.46,3.24,84.05,1.12,1.13
2020-11-19,IDN,Indonesia,4798,97,4265,436,483518,15600,406612,61306,Country,,,416,98.0,7230,8488.0,74953.0,1916907,265185520,138.34,113.921327,-0.789275,18.09,1823.32,0.37,58.83,3.23,84.09,1.12,0.88
2020-11-20,IDN,Indonesia,4792,78,3940,774,488310,15678,410552,62080,Country,,,416,98.0,7230,8488.0,74953.0,1916907,265185520,138.34,113.921327,-0.789275,18.07,1841.39,0.29,59.12,3.21,84.08,1.0,0.8
2020-11-21,IDN,Indonesia,4998,96,3403,1499,493308,15774,413955,63579,Country,,,416,98.0,7230,8488.0,74953.0,1916907,265185520,138.34,113.921327,-0.789275,18.85,1860.24,0.36,59.48,3.2,83.91,1.04,1.23
2020-11-22,IDN,Indonesia,4360,110,4233,17,497668,15884,418188,63596,Country,,,416,98.0,7230,8488.0,74953.0,1916907,265185520,138.34,113.921327,-0.789275,16.44,1876.68,0.41,59.9,3.19,84.03,0.87,1.15
2020-11-23,IDN,Indonesia,4442,118,4198,126,502110,16002,422386,63722,Country,,,416,98.0,7230,8488.0,74953.0,1916907,265185520,138.34,113.921327,-0.789275,16.75,1893.43,0.44,60.34,3.19,84.12,1.02,1.07
2020-11-24,IDN,Indonesia,4192,109,2927,1156,506302,16111,425313,64878,Country,,,416,98.0,7230,8488.0,74953.0,1916907,265185520,138.34,113.921327,-0.789275,15.81,1909.24,0.41,60.75,3.18,84.0,0.94,0.92
2020-11-25,IDN,Indonesia,5534,114,4494,926,511836,16225,429807,65804,Country,,,416,98.0,7230,8488.0,74953.0,1916907,265185520,138.34,113.921327,-0.789275,20.87,1930.11,0.43,61.18,3.17,83.97,1.32,1.05
2020-11-26,IDN,Indonesia,4917,127,3842,948,516753,16352,433649,66752,Country,,,416,98.0,7230,8488.0,74953.0,1916907,265185520,138.34,113.921327,-0.789275,18.54,1948.65,0.48,61.66,3.16,83.92,0.89,1.11
2020-11-27,IDN,Indonesia,5828,169,3807,1852,522581,16521,437456,68604,Country,,,416,98.0,7230,8488.0,74953.0,1916907,265185520,138.34,113.921327,-0.789275,21.98,1970.62,0.64,62.3,3.16,83.71,1.19,1.33
2020-11-28,IDN,Indonesia,5418,125,4527,766,527999,16646,441983,69370,Country,,,416,98.0,7230,8488.0,74953.0,1916907,265185520,138.34,113.921327,-0.789275,20.43,1991.06,0.47,62.77,3.15,83.71,0.93,0.74
2020-11-29,IDN,Indonesia,6267,169,3810,2288,534266,16815,445793,71658,Country,,,416,98.0,7230,8488.0,74953.0,1916907,265185520,138.34,113.921327,-0.789275,23.63,2014.69,0.64,63.41,3.15,83.44,1.16,1.35
2020-11-30,IDN,Indonesia,4617,130,4725,-238,538883,16945,450518,71420,Country,,,416,98.0,7230,8488.0,74953.0,1916907,265185520,138.34,113.921327,-0.789275,17.41,2032.1,0.49,63.9,3.14,83.6,0.74,0.77
2020-12-01,IDN,Indonesia,5092,136,4361,595,543975,17081,454879,72015,Country,,,416,98.0,7230,8488.0,74953.0,1916907,265185520,138.34,113.921327,-0.789275,19.2,2051.3,0.51,64.41,3.14,83.62,1.1,1.05
2020-12-02,IDN,Indonesia,5533,118,4001,1414,549508,17199,458880,73429,Country,,,416,98.0,7230,8488.0,74953.0,1916907,265185520,138.34,113.921327,-0.789275,20.86,2072.16,0.44,64.86,3.13,83.51,1.09,0.87
2020-12-03,IDN,Indonesia,8369,156,3673,4540,557877,17355,462553,77969,Country,,,416,98.0,7230,8488.0,74953.0,1916907,265185520,138.34,113.921327,-0.789275,31.56,2103.72,0.59,65.44,3.11,82.91,1.51,1.32
2020-12-04,IDN,Indonesia,5803,124,3625,2054,563680,17479,466178,80023,Country,,,416,98.0,7230,8488.0,74953.0,1916907,265185520,138.34,113.921327,-0.789275,21.88,2125.61,0.47,65.91,3.1,82.7,0.69,0.79
2020-12-05,IDN,Indonesia,6027,110,4271,1646,569707,17589,470449,81669,Country,,,416,98.0,7230,8488.0,74953.0,1916907,265185520,138.34,113.921327,-0.789275,22.73,2148.33,0.41,66.33,3.09,82.58,1.04,0.89
2020-12-06,IDN,Indonesia,6089,151,4322,1616,575796,17740,474771,83285,Country,,,416,98.0,7230,8488.0,74953.0,1916907,265185520,138.34,113.921327,-0.789275,22.96,2171.3,0.57,66.9,3.08,82.45,1.01,1.37
2020-12-07,IDN,Indonesia,5754,127,4431,1196,581550,17867,479202,84481,Country,,,416,98.0,7230,8488.0,74953.0,1916907,265185520,138.34,113.921327,-0.789275,21.7,2192.99,0.48,67.38,3.07,82.4,0.94,0.84
2020-12-08,IDN,Indonesia,5292,133,4295,864,586842,18000,483497,85345,Country,,,416,98.0,7230,8488.0,74953.0,1916907,265185520,138.34,113.921327,-0.789275,19.96,2212.95,0.5,67.88,3.07,82.39,0.92,1.05
2020-12-09,IDN,Indonesia,6058,171,3948,1939,592900,18171,487445,87284,Country,,,416,98.0,7230,8488.0,74953.0,1916907,265185520,138.34,113.921327,-0.789275,22.84,2235.79,0.64,68.52,3.06,82.21,1.14,1.29
2020-12-10,IDN,Indonesia,6033,165,4530,1338,598933,18336,491975,88622,Country,,,416,98.0,7230,8488.0,74953.0,1916907,265185520,138.34,113.921327,-0.789275,22.75,2258.54,0.62,69.14,3.06,82.14,1.0,0.96
2020-12-11,IDN,Indonesia,6310,175,4911,1224,605243,18511,496886,89846,Country,,,416,98.0,7230,8488.0,74953.0,1916907,265185520,138.34,113.921327,-0.789275,23.79,2282.34,0.66,69.8,3.06,82.1,1.05,1.06
2020-12-12,IDN,Indonesia,6388,142,4490,1756,611631,18653,501376,91602,Country,,,416,98.0,7230,8488.0,74953.0,1916907,265185520,138.34,113.921327,-0.789275,24.09,2306.43,0.54,70.34,3.05,81.97,1.01,0.81
2020-12-13,IDN,Indonesia,6189,166,4460,1563,617820,18819,505836,93165,Country,,,416,98.0,7230,8488.0,74953.0,1916907,265185520,138.34,113.921327,-0.789275,23.34,2329.77,0.63,70.97,3.05,81.87,0.97,1.17
2020-12-14,IDN,Indonesia,5489,137,5121,231,623309,18956,510957,93396,Country,,,416,98.0,7230,8488.0,74953.0,1916907,265185520,138.34,113.921327,-0.789275,20.7,2350.46,0.52,71.48,3.04,81.97,0.89,0.83
2020-12-15,IDN,Indonesia,6120,155,5699,266,629429,19111,516656,93662,Country,,,416,98.0,7230,8488.0,74953.0,1916907,265185520,138.34,113.921327,-0.789275,23.08,2373.54,0.58,72.07,3.04,82.08,1.11,1.13
2020-12-16,IDN,Indonesia,6725,137,5328,1260,636154,19248,521984,94922,Country,,,416,98.0,7230,8488.0,74953.0,1916907,265185520,138.34,113.921327,-0.789275,25.36,2398.9,0.52,72.58,3.03,82.05,1.1,0.88
2020-12-17,IDN,Indonesia,7354,142,4995,2217,643508,19390,526979,97139,Country,,,416,98.0,7230,8488.0,74953.0,1916907,265185520,138.34,113.921327,-0.789275,27.73,2426.63,0.54,73.12,3.01,81.89,1.09,1.04
2020-12-18,IDN,Indonesia,6689,124,5016,1549,650197,19514,531995,98688,Country,,,416,98.0,7230,8488.0,74953.0,1916907,265185520,138.34,113.921327,-0.789275,25.22,2451.86,0.47,73.59,3.0,81.82,0.91,0.87
2020-12-19,IDN,Indonesia,7751,145,4265,3341,657948,19659,536260,102029,Country,,,416,98.0,7230,8488.0,74953.0,1916907,265185520,138.34,113.921327,-0.789275,29.23,2481.09,0.55,74.13,2.99,81.5,1.16,1.17
2020-12-20,IDN,Indonesia,6982,221,5551,1210,664930,19880,541811,103239,Country,,,416,98.0,7230,8488.0,74953.0,1916907,265185520,138.34,113.921327,-0.789275,26.33,2507.41,0.83,74.97,2.99,81.48,0.9,1.52
2020-12-21,IDN,Indonesia,6848,205,5073,1570,671778,20085,546884,104809,Country,,,416,98.0,7230,8488.0,74953.0,1916907,265185520,138.34,113.921327,-0.789275,25.82,2533.24,0.77,75.74,2.99,81.41,0.98,0.93
2020-12-22,IDN,Indonesia,6347,172,5838,337,678125,20257,552722,105146,Country,,,416,98.0,7230,8488.0,74953.0,1916907,265185520,138.34,113.921327,-0.789275,23.93,2557.17,0.65,76.39,2.99,81.51,0.93,0.84
2020-12-23,IDN,Indonesia,7514,151,5981,1382,685639,20408,558703,106528,Country,,,416,98.0,7230,8488.0,74953.0,1916907,265185520,138.34,113.921327,-0.789275,28.33,2585.51,0.57,76.96,2.98,81.49,1.18,0.88
2020-12-24,IDN,Indonesia,7199,181,5277,1741,692838,20589,563980,108269,Country,,,416,98.0,7230,8488.0,74953.0,1916907,265185520,138.34,113.921327,-0.789275,27.15,2612.65,0.68,77.64,2.97,81.4,0.96,1.2
2020-12-25,IDN,Indonesia,7259,258,6324,677,700097,20847,570304,108946,Country,,,416,98.0,7230,8488.0,74953.0,1916907,265185520,138.34,113.921327,-0.789275,27.37,2640.03,0.97,78.61,2.98,81.46,1.01,1.43
2020-12-26,IDN,Indonesia,6740,147,6389,204,706837,20994,576693,109150,Country,,,416,98.0,7230,8488.0,74953.0,1916907,265185520,138.34,113.921327,-0.789275,25.42,2665.44,0.55,79.17,2.97,81.59,0.93,0.57
2020-12-27,IDN,Indonesia,6528,243,6983,-698,713365,21237,583676,108452,Country,,,416,98.0,7230,8488.0,74953.0,1916907,265185520,138.34,113.921327,-0.789275,24.62,2690.06,0.92,80.08,2.98,81.82,0.97,1.65
2020-12-28,IDN,Indonesia,5854,215,6302,-663,719219,21452,589978,107789,Country,,,416,98.0,7230,8488.0,74953.0,1916907,265185520,138.34,113.921327,-0.789275,22.08,2712.14,0.81,80.89,2.98,82.03,0.9,0.88
2020-12-29,IDN,Indonesia,7903,251,6805,847,727122,21703,596783,108636,Country,,,416,98.0,7230,8488.0,74953.0,1916907,265185520,138.34,113.921327,-0.789275,29.8,2741.94,0.95,81.84,2.98,82.07,1.35,1.17
2020-12-30,IDN,Indonesia,8002,241,6958,803,735124,21944,603741,109439,Country,,,416,98.0,7230,8488.0,74953.0,1916907,265185520,138.34,113.921327,-0.789275,30.18,2772.11,0.91,82.75,2.99,82.13,1.01,0.96
2020-12-31,IDN,Indonesia,8074,194,7356,524,743198,22138,611097,109963,Country,,,416,98.0,7230,8488.0,74953.0,1916907,265185520,138.34,113.921327,-0.789275,30.45,2802.56,0.73,83.48,2.98,82.23,1.01,0.8
